{
  "artifact": "rq3_lr_feature_ablation_full_feature_sample",
  "generated_at_utc": "2026-06-22T12:14:10Z",
  "feature_dir": "results\\colab_risk_training_full_20260614\\features",
  "runs_dir": "results\\lr_feature_ablation_canonical_split_victim_30run_20260616",
  "rows": 34882001,
  "positives": 17365954,
  "negatives": 17516047,
  "policy": "Use the deployed LR model as the MTG reference row on the full feature sample; evaluate each restricted ablation with its separately trained LR model and validation-selected threshold over the same full feature sample.",
  "deployed_reference": {
    "variant": "mempool_trieguard",
    "source": "deployed_lr_feature_sample",
    "runs": 1,
    "threshold": 0.901,
    "precision": 0.9999247517663383,
    "recall": 0.9595550581327118,
    "f1": 0.9793240516817753,
    "accuracy": 0.9798285941222237,
    "tp": 16663589,
    "fp": 1254,
    "fn": 702365,
    "tn": 17514793,
    "rows": 34882001,
    "model_artifact": "results/learned_fast_lr_addr_type_token_tau_20260616/metrics.json",
    "feature_columns": [
      "s_addr",
      "s_addr_x_type",
      "s_addr_x_token"
    ],
    "intercept": -3.1619704800591686,
    "weights": [
      -8.127027112801793,
      20.659171304234917,
      22.44110879456234
    ]
  },
  "trained_full_addr_type_token_30run_summary": {
    "variant": "full_addr_type_token",
    "runs": 30,
    "threshold_mean": 0.8196000000000001,
    "threshold_std": 0.031237245673096384,
    "threshold_min": 0.794,
    "threshold_max": 0.898,
    "precision_mean": 0.9999071406970411,
    "precision_std": 1.472861247373758e-06,
    "precision_min": 0.9999065727033282,
    "precision_max": 0.9999108326561775,
    "recall_mean": 0.9595676690149018,
    "recall_std": 5.646012854083701e-16,
    "recall_min": 0.9595676690149012,
    "recall_max": 0.9595676690149012,
    "f1_mean": 0.9793221729352705,
    "f1_std": 7.064199942273236e-07,
    "f1_min": 0.9793219005117022,
    "f1_max": 0.9793239436884594,
    "accuracy_mean": 0.979826457394651,
    "accuracy_std": 7.037428603504912e-07,
    "accuracy_min": 0.9798261860034921,
    "accuracy_max": 0.9798282214371818,
    "tp_mean": 16663808.0,
    "tp_std": 0.0,
    "tp_min": 16663808.0,
    "tp_max": 16663808.0,
    "fp_mean": 1547.5333333333333,
    "fp_std": 24.547959158564982,
    "fp_min": 1486.0,
    "fp_max": 1557.0,
    "fn_mean": 702146.0,
    "fn_std": 0.0,
    "fn_min": 702146.0,
    "fn_max": 702146.0,
    "tn_mean": 17514499.466666665,
    "tn_std": 24.547959158564982,
    "tn_min": 17514490.0,
    "tn_max": 17514561.0,
    "delta_f1_vs_full_mean": 0.0,
    "delta_f1_vs_full_std": 0.0
  },
  "ablation_model_summary": [
    {
      "variant": "suffix_only",
      "runs": 30,
      "threshold_mean": 0.9570000000000001,
      "threshold_std": 0.0010170952554312165,
      "threshold_min": 0.9550000000000001,
      "threshold_max": 0.9590000000000001,
      "precision_mean": 0.9998938434926635,
      "precision_std": 4.516810283266961e-16,
      "precision_min": 0.9998938434926631,
      "precision_max": 0.9998938434926631,
      "recall_mean": 0.95948117794162,
      "recall_std": 6.775215424900442e-16,
      "recall_min": 0.9594811779416207,
      "recall_max": 0.9594811779416207,
      "f1_mean": 0.9792707493725611,
      "f1_std": 3.387607712450221e-16,
      "f1_min": 0.9792707493725614,
      "f1_max": 0.9792707493725614,
      "accuracy_mean": 0.9797770489141373,
      "accuracy_std": 4.516810283266961e-16,
      "accuracy_min": 0.9797770489141377,
      "accuracy_max": 0.9797770489141377,
      "tp_mean": 16662306.0,
      "tp_std": 0.0,
      "tp_min": 16662306.0,
      "tp_max": 16662306.0,
      "fp_mean": 1769.0,
      "fp_std": 0.0,
      "fp_min": 1769.0,
      "fp_max": 1769.0,
      "fn_mean": 703648.0,
      "fn_std": 0.0,
      "fn_min": 703648.0,
      "fn_max": 703648.0,
      "tn_mean": 17514278.0,
      "tn_std": 0.0,
      "tn_min": 17514278.0,
      "tn_max": 17514278.0,
      "delta_f1_vs_full_mean": -5.142356270841179e-05,
      "delta_f1_vs_full_std": 7.064199942273233e-07
    },
    {
      "variant": "no_token",
      "runs": 30,
      "threshold_mean": 0.9687666666666669,
      "threshold_std": 0.000727932041794607,
      "threshold_min": 0.967,
      "threshold_max": 0.97,
      "precision_mean": 0.9999866153175032,
      "precision_std": 5.646012854083701e-16,
      "precision_min": 0.9999866153175027,
      "precision_max": 0.9999866153175027,
      "recall_mean": 0.9593836883363844,
      "recall_std": 6.775215424900442e-16,
      "recall_min": 0.9593836883363851,
      "recall_max": 0.9593836883363851,
      "f1_mean": 0.9792644560359643,
      "f1_std": 3.387607712450221e-16,
      "f1_min": 0.9792644560359647,
      "f1_max": 0.9792644560359647,
      "accuracy_mean": 0.9797728347063571,
      "accuracy_std": 4.516810283266961e-16,
      "accuracy_min": 0.9797728347063576,
      "accuracy_max": 0.9797728347063576,
      "tp_mean": 16660613.0,
      "tp_std": 0.0,
      "tp_min": 16660613.0,
      "tp_max": 16660613.0,
      "fp_mean": 223.0,
      "fp_std": 0.0,
      "fp_min": 223.0,
      "fp_max": 223.0,
      "fn_mean": 705341.0,
      "fn_std": 0.0,
      "fn_min": 705341.0,
      "fn_max": 705341.0,
      "tn_mean": 17515824.0,
      "tn_std": 0.0,
      "tn_min": 17515824.0,
      "tn_max": 17515824.0,
      "delta_f1_vs_full_mean": -5.7716899305152815e-05,
      "delta_f1_vs_full_std": 7.064199942273233e-07
    },
    {
      "variant": "no_type",
      "runs": 30,
      "threshold_mean": 0.9547333333333333,
      "threshold_std": 0.0014367908045682773,
      "threshold_min": 0.9510000000000001,
      "threshold_max": 0.9570000000000001,
      "precision_mean": 0.9999854749438273,
      "precision_std": 6.775215424900442e-16,
      "precision_min": 0.999985474943828,
      "precision_max": 0.999985474943828,
      "recall_mean": 0.9593842641757541,
      "recall_std": 4.516810283266961e-16,
      "recall_min": 0.9593842641757545,
      "recall_max": 0.9593842641757545,
      "f1_mean": 0.9792642092109751,
      "f1_std": 4.516810283266961e-16,
      "f1_min": 0.9792642092109756,
      "f1_max": 0.9792642092109756,
      "accuracy_mean": 0.9797725766936367,
      "accuracy_std": 3.387607712450221e-16,
      "accuracy_min": 0.9797725766936364,
      "accuracy_max": 0.9797725766936364,
      "tp_mean": 16660623.0,
      "tp_std": 0.0,
      "tp_min": 16660623.0,
      "tp_max": 16660623.0,
      "fp_mean": 242.0,
      "fp_std": 0.0,
      "fp_min": 242.0,
      "fp_max": 242.0,
      "fn_mean": 705331.0,
      "fn_std": 0.0,
      "fn_min": 705331.0,
      "fn_max": 705331.0,
      "tn_mean": 17515805.0,
      "tn_std": 0.0,
      "tn_min": 17515805.0,
      "tn_max": 17515805.0,
      "delta_f1_vs_full_mean": -5.796372429426692e-05,
      "delta_f1_vs_full_std": 7.064199942273233e-07
    },
    {
      "variant": "address_only",
      "runs": 30,
      "threshold_mean": 0.9710666666666666,
      "threshold_std": 0.0007849152527649019,
      "threshold_min": 0.969,
      "threshold_max": 0.972,
      "precision_mean": 0.9999876356410693,
      "precision_std": 4.516810283266961e-16,
      "precision_min": 0.9999876356410689,
      "precision_max": 0.9999876356410689,
      "recall_mean": 0.9593820759861512,
      "recall_std": 3.387607712450221e-16,
      "recall_min": 0.9593820759861509,
      "recall_max": 0.9593820759861509,
      "f1_mean": 0.9792641053383162,
      "f1_std": 6.775215424900442e-16,
      "f1_min": 0.9792641053383155,
      "f1_max": 0.9792641053383155,
      "accuracy_mean": 0.9797725193574757,
      "accuracy_std": 4.516810283266961e-16,
      "accuracy_min": 0.9797725193574761,
      "accuracy_max": 0.9797725193574761,
      "tp_mean": 16660585.0,
      "tp_std": 0.0,
      "tp_min": 16660585.0,
      "tp_max": 16660585.0,
      "fp_mean": 206.0,
      "fp_std": 0.0,
      "fp_min": 206.0,
      "fp_max": 206.0,
      "fn_mean": 705369.0,
      "fn_std": 0.0,