{
  "runs_dir": "results/lr_feature_ablation_canonical_split_victim_30run_20260616",
  "runs": 30,
  "summary": [
    {
      "variant": "full_addr_type_token",
      "runs": 30,
      "validation_threshold_mean": 0.8196000000000001,
      "validation_threshold_std": 0.031237245673096384,
      "validation_threshold_min": 0.794,
      "validation_threshold_max": 0.898,
      "validation_f1_mean": 0.979291410386885,
      "validation_f1_std": 5.789975268550334e-07,
      "validation_f1_min": 0.9792911871024743,
      "validation_f1_max": 0.9792928617355524,
      "test_precision_mean": 0.999825459755565,
      "test_precision_std": 1.102198504112166e-06,
      "test_precision_min": 0.9998250347041073,
      "test_precision_max": 0.9998282225900447,
      "test_recall_mean": 0.9600522614880741,
      "test_recall_std": 5.646012854083701e-16,
      "test_recall_min": 0.9600522614880747,
      "test_recall_max": 0.9600522614880747,
      "test_f1_mean": 0.9795352876630575,
      "test_f1_std": 5.289578815645207e-07,
      "test_f1_min": 0.9795350836759186,
      "test_f1_max": 0.9795366135794575,
      "delta_f1_vs_full_mean": 0.0,
      "delta_f1_vs_full_std": 0.0,
      "delta_f1_vs_full_min": 0.0,
      "delta_f1_vs_full_max": 0.0,
      "test_tp_mean": 2508630.0,
      "test_tp_std": 0.0,
      "test_tp_min": 2508630.0,
      "test_tp_max": 2508630.0,
      "test_fp_mean": 437.93333333333334,
      "test_fp_std": 2.7659672291340827,
      "test_fp_min": 431.0,
      "test_fp_max": 439.0,
      "test_fn_mean": 104384.0,
      "test_fn_std": 0.0,
      "test_fn_min": 104384.0,
      "test_fn_max": 104384.0,
      "test_tn_mean": 2681634.066666667,
      "test_tn_std": 2.7659672291340835,
      "test_tn_min": 2681633.0,
      "test_tn_max": 2681641.0
    },
    {
      "variant": "no_token",
      "runs": 30,
      "validation_threshold_mean": 0.9687666666666669,
      "validation_threshold_std": 0.000727932041794607,
      "validation_threshold_min": 0.967,
      "validation_threshold_max": 0.97,
      "validation_f1_mean": 0.9791434617478736,
      "validation_f1_std": 4.516810283266961e-16,
      "validation_f1_min": 0.9791434617478731,
      "validation_f1_max": 0.9791434617478731,
      "test_precision_mean": 0.9999908298652943,
      "test_precision_std": 4.516810283266961e-16,
      "test_precision_min": 0.9999908298652948,
      "test_precision_max": 0.9999908298652948,
      "test_recall_mean": 0.9598567018776017,
      "test_recall_std": 1.1292025708167404e-16,
      "test_recall_min": 0.9598567018776019,
      "test_recall_max": 0.9598567018776019,
      "test_f1_mean": 0.9795128287441346,
      "test_f1_std": 4.516810283266961e-16,
      "test_f1_min": 0.979512828744135,
      "test_f1_max": 0.979512828744135,
      "delta_f1_vs_full_mean": -2.2458918922067343e-05,
      "delta_f1_vs_full_std": 5.289578815645208e-07,
      "delta_f1_vs_full_min": -2.3784835322504527e-05,
      "delta_f1_vs_full_max": -2.2254931783538545e-05,
      "test_tp_mean": 2508119.0,
      "test_tp_std": 0.0,
      "test_tp_min": 2508119.0,
      "test_tp_max": 2508119.0,
      "test_fp_mean": 23.0,
      "test_fp_std": 0.0,
      "test_fp_min": 23.0,
      "test_fp_max": 23.0,
      "test_fn_mean": 104895.0,
      "test_fn_std": 0.0,
      "test_fn_min": 104895.0,
      "test_fn_max": 104895.0,
      "test_tn_mean": 2682049.0,
      "test_tn_std": 0.0,
      "test_tn_min": 2682049.0,
      "test_tn_max": 2682049.0
    },
    {
      "variant": "address_only",
      "runs": 30,
      "validation_threshold_mean": 0.9710666666666666,
      "validation_threshold_std": 0.0007849152527649019,
      "validation_threshold_min": 0.969,
      "validation_threshold_max": 0.972,
      "validation_f1_mean": 0.9791436319719341,
      "validation_f1_std": 4.516810283266961e-16,
      "validation_f1_min": 0.9791436319719345,
      "validation_f1_max": 0.9791436319719345,
      "test_precision_mean": 0.9999912285458202,
      "test_precision_std": 2.2584051416334807e-16,
      "test_precision_min": 0.9999912285458205,
      "test_precision_max": 0.9999912285458205,
      "test_recall_mean": 0.9598547883784783,
      "test_recall_std": 3.387607712450221e-16,
      "test_recall_min": 0.9598547883784779,
      "test_recall_max": 0.9598547883784779,
      "test_f1_mean": 0.9795120236665589,
      "test_f1_std": 4.516810283266961e-16,
      "test_f1_min": 0.9795120236665593,
      "test_f1_max": 0.9795120236665593,
      "delta_f1_vs_full_mean": -2.3263996497783582e-05,
      "delta_f1_vs_full_std": 5.289578815645208e-07,
      "delta_f1_vs_full_min": -2.4589912898220767e-05,
      "delta_f1_vs_full_max": -2.3060009359254785e-05,
      "test_tp_mean": 2508114.0,
      "test_tp_std": 0.0,
      "test_tp_min": 2508114.0,
      "test_tp_max": 2508114.0,
      "test_fp_mean": 22.0,
      "test_fp_std": 0.0,
      "test_fp_min": 22.0,
      "test_fp_max": 22.0,
      "test_fn_mean": 104900.0,
      "test_fn_std": 0.0,
      "test_fn_min": 104900.0,
      "test_fn_max": 104900.0,
      "test_tn_mean": 2682050.0,
      "test_tn_std": 0.0,
      "test_tn_min": 2682050.0,
      "test_tn_max": 2682050.0
    },
    {
      "variant": "no_type",
      "runs": 30,
      "validation_threshold_mean": 0.9547333333333333,
      "validation_threshold_std": 0.0014367908045682773,
      "validation_threshold_min": 0.9510000000000001,
      "validation_threshold_max": 0.9570000000000001,
      "validation_f1_mean": 0.9791427015799138,
      "validation_f1_std": 3.387607712450221e-16,
      "validation_f1_min": 0.9791427015799141,
      "validation_f1_max": 0.9791427015799141,
      "test_precision_mean": 0.9999888363577505,
      "test_precision_std": 4.516810283266961e-16,
      "test_precision_min": 0.99998883635775,
      "test_precision_max": 0.99998883635775,
      "test_recall_mean": 0.9598547883784783,
      "test_recall_std": 3.387607712450221e-16,
      "test_recall_min": 0.9598547883784779,
      "test_recall_max": 0.9598547883784779,
      "test_f1_mean": 0.979510876060015,
      "test_f1_std": 3.387607712450221e-16,
      "test_f1_min": 0.9795108760600146,
      "test_f1_max": 0.9795108760600146,
      "delta_f1_vs_full_mean": -2.441160304246607e-05,
      "delta_f1_vs_full_std": 5.289578815645208e-07,
      "delta_f1_vs_full_min": -2.5737519442903256e-05,
      "delta_f1_vs_full_max": -2.4207615903937274e-05,
      "test_tp_mean": 2508114.0,
      "test_tp_std": 0.0,
      "test_tp_min": 2508114.0,
      "test_tp_max": 2508114.0,
      "test_fp_mean": 28.0,
      "test_fp_std": 0.0,
      "test_fp_min": 28.0,
      "test_fp_max": 28.0,
      "test_fn_mean": 104900.0,
      "test_fn_std": 0.0,
      "test_fn_min": 104900.0,
      "test_fn_max": 104900.0,
      "test_tn_mean": 2682044.0,
      "test_tn_std": 0.0,
      "test_tn_min": 2682044.0,
      "test_tn_max": 2682044.0
    },
    {
      "variant": "suffix_only",
      "runs": 30,
      "validation_threshold_mean": 0.9570000000000001,
      "validation_threshold_std": 0.0010170952554312165,
      "validation_threshold_min": 0.9550000000000001,
      "validation_threshold_max": 0.9590000000000001,
      "validation_f1_mean": 0.9792007314963956,
      "validation_f1_std": 5.646012854083701e-16,
      "validation_f1_min": 0.9792007314963962,
      "validation_f1_max": 0.9792007314963962,
      "test_precision_mean": 0.9998584970150838,
      "test_precision_std": 4.516810283266961e-16,
      "test_precision_min": 0.9998584970150842,
      "test_precision_max": 0.9998584970150842,
      "test_recall_mean": 0.959974190723816,
      "test_recall_std": 4.516810283266961e-16,
      "test_recall_min": 0.9599741907238155,
      "test_recall_max": 0.9599741907238155,
      "test_f1_mean": 0.9795105036417902,
      "test_f1_std": 4.516810283266961e-16,
      "test_f1_min": 0.9795105036417897,
      "test_f1_max": 0.9795105036417897,
      "delta_f1_vs_full_mean": -2.478402126739147e-05,
      "delta_f1_vs_full_std": 5.289578815645208e-07,