variant,runs,precision_mean,recall_mean,f1_mean,f1_std,delta_f1_vs_full_mean,delta_f1_vs_full_std,delta_f1_vs_full_mean_x1e5,delta_f1_vs_full_std_x1e5
full_addr_type_token,30,0.999825,0.960052,0.979535,5.28957881565e-07,0,0,0.00,0.00
no_token,30,0.999991,0.959857,0.979513,4.51681028327e-16,-2.24589189221e-05,5.28957881565e-07,-2.25,0.05
address_only,30,0.999991,0.959855,0.979512,4.51681028327e-16,-2.32639964978e-05,5.28957881565e-07,-2.33,0.05
no_type,30,0.999989,0.959855,0.979511,3.38760771245e-16,-2.44116030425e-05,5.28957881565e-07,-2.44,0.05
suffix_only,30,0.999858,0.959974,0.979511,4.51681028327e-16,-2.47840212674e-05,5.28957881565e-07,-2.48,0.05
prefix_only,30,0.998613,0.959966,0.978909,6.61623628886e-08,-0.000626775603017,4.91122808037e-07,-62.68,0.05
