"loss_rate","precision","recall","f1"
"0","0.999923","0.957455","0.978229"
"0.1","0.999923","0.861707","0.925684"
"0.25","0.999921","0.718047","0.83586"
"0.5","0.999924","0.478557","0.647314"
